Node,RAM,CPU,Battery,INTERNAL,MAC,IP,network_id,network_class,RANGE,network_type,class
1,4,1,100,4,ac:c1:ee:b0:e8:ad,192.168.0.100,192.168.0.0,NETWORK E,20,MANET,CLASS 2
2,4,1.8,8,64,70:bb:e9:74:e5:f6,192.168.31.229,192.168.31.0,NETWORK K,59,MANET,CLASS 3
3,2,1.3,8,16,02:00:00:00:00:00,192.168.2.7,192.168.2.0,NETWORK I,41,MANET,CLASS 4
4,4,2.2,6,64,60:2E:02:C4:3E:E2,10.226.30.164,10.0.0.0,NETWORK A,62,MANET,CLASS 3
5,6,2.45,97,64,94:65:2d:eb:89:53,192.168.0.39,192.168.0.0,NETWORK E,37,MANET,CLASS 1
6,4,2.2,11,64,60:8E:08:43:38:C2,10.226.30.169,10.0.0.0,NETWORK A,23,MANET,CLASS 3
7,4,2,100,64,d8:6c:02:b3:5c:0b,192.168.33.4,192.168.33.0,NETWORK L,11,MANET,CLASS 1
8,4,2,99,32,00:ec:0a:2b:4a:2b,192.168.0.184,192.168.0.0,NETWORK E,30,MANET,CLASS 1
9,1,1.3,93,8,60:2E:02:C4:3E:E2,192.168.2.112,192.168.2.0,NETWORK I,105,DTN,CLASS 2
10,3,1.6,97,64,60:8E:08:43:38:C2,100.86.247.148,100.0.0.0,NETWORK B,14,MANET,CLASS 1
11,3,1.8,97,32,38:A4:ed:5d:f9:13,192.168.31.196,192.168.31.0,NETWORK K,5,Bluetooth,CLASS 1
12,4,1,60,10,e0:62:67:1b:d9:79,123.34.4.16,123.0.0.0,NETWORK D,48,MANET,CLASS 2
13,6,1.6,63,64,54:B8:02:15:34:61,100.65.219.215,100.0.0.0,NETWORK B,8,Bluetooth,CLASS 1
14,8,2.8,34,256,64:a2:f9:c4:2c:18,192.168.5.4,192.168.5.0,NETWORK M,23,MANET,CLASS 1
15,4,1.5,64,16,BC:D1:1F:37:18:C4,56.68.112.45,56.0.0.0,NETWORK Q,124,DTN,CLASS 2
16,4,2,7,2.09,d8:32:e3:e8:8d:54,10.23.254.51,10.0.0.0,NETWORK A,26,MANET,CLASS 4
17,4,2.9,16,64,08:25:25:40:6a:bc,10.226.30.161,10.0.0.0,NETWORK A,84,MANET,CLASS 3
18,8,2.2,50,32,bc:9F:EF:E9:4F:2E,103.92.41.37,103.0.0.0,NETWORK C,104,DTN,CLASS 1
19,4,1.8,97,64,4c:49:e3:67:cc:11,10.88.16.112,10.0.0.0,NETWORK A,20,MANET,CLASS 1
20,4,3.4,97,64,08:25:25:40:6a:bc,10.88.16.117,10.0.0.0,NETWORK A,56,MANET,CLASS 1
21,6,1.3,25,64,80:CE:F9:7c:CB:1B,25.40.130.96,25.0.0.0,NETWORK P,102,DTN,CLASS 1
22,3,1.4,72,1.7,38:A4:ed:5d:f9:13,25.98.215.185,25.0.0.0,NETWORK P,64,MANET,CLASS 2
23,3,1.4,96,2.9,70:5A:AC:43:17:DA,56.69.11.36,56.0.0.0,NETWORK Q,67,MANET,CLASS 2
24,1,1.3,97,1.3,5C:99:60:15:3A:A6,25.73.215.125,25.0.0.0,NETWORK P,91,MANET,CLASS 2
25,3,1.8,78,1,38:a4:ed:55:5b:63,100.113.188.100,100.0.0.0,NETWORK B,80,MANET,CLASS 2
26,4,1.8,31,11.41,08:25:25:40:6a:bc,192.168.29.156,192.168.29.0,NETWORK J,57,MANET,CLASS 2
27,4,2,31,9.46,04:d1:3a:02:7b:b3,100.81.235.189,100.0.0.0,NETWORK B,19,MANET,CLASS 2
28,6,2.8,63,5.85,64:a2:f8:50:70:4f,10.88.16.118,10.0.0.0,NETWORK A,51,MANET,CLASS 2
29,2,1.3,61,7.68,7C:91:22:8B:19:22,25.98.101.203,25.0.0.0,NETWORK P,64,MANET,CLASS 2
30,4,2,41,1,04:d1:3a:02:7b:b3,100.81.235.156,100.0.0.0,NETWORK B,124,DTN,CLASS 2
31,3,1.4,83,1.68,4c:49:e3:7c:74:db,25.122.125.15,25.0.0.0,NETWORK P,38,MANET,CLASS 2
32,4,1.8,56,37.9,70:5A:AC:67:99:A4,25.180.231.106,25.0.0.0,NETWORK P,66,MANET,CLASS 1
33,4,2.2,52,12.6,70:5e:55:65:dc:55,25.133.238.197,25.0.0.0,NETWORK P,137,DTN,CLASS 2
34,3,2.2,56,486,ec:01:ee:e8:ae:82,25.33.229.26,25.0.0.0,NETWORK P,57,MANET,CLASS 1
35,2,1.8,49,7.18,BC:D1:1F:8B:05:4D,56.133.192.16,56.0.0.0,NETWORK Q,126,DTN,CLASS 2
36,4,2,43,0.98,88:b4:a6:23:fa:9f,10.140.25.227,10.0.0.0,NETWORK A,48,MANET,CLASS 2
37,6,2.45,80,10.9,94:65:2d:8b:fd:2d,56.129.213.154,56.0.0.0,NETWORK Q,108,DTN,CLASS 2
38,4,1.8,46,30.2,FC:AA:B6:6A:61:22,100.81.5.252,100.0.0.0,NETWORK B,2,Bluetooth,CLASS 1
39,3,2.3,41,0.53,30:a8:db:9c:86:c6,100.86.99.163,100.0.0.0,NETWORK B,24,MANET,CLASS 2
40,2,1.8,65,1.45,b4:cb:57:a4:e9:ef,100.73.182.110,100.0.0.0,NETWORK B,56,MANET,CLASS 2
41,3,1.3,12,0.96,34:78:d7:b9:1a:18,100.79.76.231,100.0.0.0,NETWORK B,111,DTN,CLASS 4
42,8,2.84,33,25.6,02:00:00:00:00:00,10.114.248.61,10.0.0.0,NETWORK A,85,MANET,CLASS 1
43,4,1.8,54,19.37,d0:04:01:5e:a1:f4,10.244.248.145,10.0.0.0,NETWORK A,128,DTN,CLASS 2
44,3,1.8,42,4.81,38:e6:0a:05:b7:79,25.37.152.24,25.0.0.0,NETWORK P,104,DTN,CLASS 2
45,4,2.2,42,33.75,02:00:00:00:00:00,25.63.209.226,25.0.0.0,NETWORK P,134,DTN,CLASS 1
46,4,1.8,85,4.98,80:58:f8:68:bc:00,10.141.127.72,10.0.0.0,NETWORK A,8,Bluetooth,CLASS 2
47,3,2.1,33,5.53,70:5e:55:33:c6:85,56.97.168.94,56.0.0.0,NETWORK Q,32,MANET,CLASS 2
48,4,2,37,1.53,70:b7:aa:4a:55:55,100.67.161.157,100.0.0.0,NETWORK B,62,MANET,CLASS 2
49,6,2.8,57,10,f4:f5:db:8a:8e:e3,10.106.53.159,10.0.0.0,NETWORK A,23,MANET,CLASS 2
50,8,2.8,57,66.01,FC:AA:B6:6A:61:22,10.88.16.113,10.0.0.0,NETWORK A,104,DTN,CLASS 1
51,2,1.3,44,47,60:45:cb:58:f8:61,100.66.62.74,100.0.0.0,NETWORK B,1,Bluetooth,CLASS 1
52,2,1.3,97,0.53,00:ec:0a:2b:4a:2b,56.80.249.246,56.0.0.0,NETWORK Q,101,DTN,CLASS 2
53,4,2,71,64,18:f0:e4:b4:be:2b,25.1.69.105,25.0.0.0,NETWORK P,65,MANET,CLASS 1
54,8,2.8,80,36,21:a5:0v:af:1c:80,192.168.1.128,192.168.1.0,NETWORK F,15,MANET,CLASS 1
55,6,2.45,100,64,94:65:2d:ef:b0:5c,192.168.0.38,192.168.0.0,NETWORK E,142,DTN,CLASS 1
56,4,2.2,83,35,34:12:F9:7D:2D:39,192.168.1.2,192.168.1.0,NETWORK F,123,DTN,CLASS 1
57,2,1.8,99,13.6,5C:F7:E6:A8:50:F7,192.168.1.103,192.168.1.0,NETWORK F,56,MANET,CLASS 2
58,3,1.6,42,8.8,5c:99:60:49:E7:48,192.168.0.37,192.168.0.0,NETWORK E,129,DTN,CLASS 2
59,6,2.2,48,41.4,0C:E0:DC:C2:EA:EF,100.69.133.68,100.0.0.0,NETWORK B,8,Bluetooth,CLASS 1
60,8,2.8,93,33.61,70:b7:aa:39:24:77,192.168.2.15,192.168.2.0,NETWORK I,95,MANET,CLASS 1
61,4,1.8,65,5.71,a4:12:32:cd:3a:f7,192.168.31.197,192.168.31.0,NETWORK K,143,DTN,CLASS 2
62,8,1.3,16,512,FC:AA:B6:6A:61:22,103.21.127.88,103.0.0.0,NETWORK C,73,MANET,CLASS 3
63,4,2.45,35,128,B4:F7:A1:E1:C0:8B,192.168.0.102,192.168.0.0,NETWORK E,134,DTN,CLASS 1
64,8,2.45,83,128,94:64:2d:95:ad:76,198.168.0.101,198.168.0.0,NETWORK O,92,MANET,CLASS 1
65,4,2.2,35,17,02:00:00:00:00:00,56.69.11.12,56.0.0.0,NETWORK Q,127,DTN,CLASS 2
66,4,1.3,97,64,a8:96:75:60:16:2a,192.168.0.101,192.168.0.0,NETWORK E,81,MANET,CLASS 1
67,8,0.79,82,256,95:09:cf:9e:2e:fe,25.123.154.9,25.0.0.0,NETWORK P,69,MANET,CLASS 1
68,8,2.85,70,256,ec:01:ee:e8:ae:82,10.140.25.228,10.0.0.0,NETWORK A,25,MANET,CLASS 1
69,2,1.3,29,566,70:bb:e9:74:e5:f6,56.83.174.217,56.0.0.0,NETWORK Q,95,MANET,CLASS 1
70,6,2.8,70,84.5,70:bb:e9:35:02:b8,192.168.0.107,192.168.0.0,NETWORK E,64,MANET,CLASS 1
71,16,1,88,8,BC:D1:1F:B5:F9:99,25.89.44.144,25.0.0.0,NETWORK P,99,MANET,CLASS 2
72,3,1.3,78,10,80:58:f8:4c:64:15,10.88.16.125,10.0.0.0,NETWORK A,68,MANET,CLASS 2
73,3,1,78,10,80:58:f8:4c:64:15,10.88.16.123,10.0.0.0,NETWORK A,142,DTN,CLASS 2
74,3,0.79,61,10,80:58:f8:4c:64:15,10.88.16.136,10.0.0.0,NETWORK A,4,Bluetooth,CLASS 2
75,8,1,16,512,e0:62:67:1b:d9:79,103.21.127.77,103.0.0.0,NETWORK C,70,MANET,CLASS 3
76,6,2.36,17,64,38:37:8B:OE:16:07,25.149.252.239,25.0.0.0,NETWORK P,53,MANET,CLASS 3
77,6,2.02,44,84.5,b4:c4:fc:84:84:f4,100.71.213.84,100.0.0.0,NETWORK B,73,MANET,CLASS 1
78,6,2.8,11,2.18,20:a6:0c:3a:a1:9d,192.168.31.206,192.168.31.0,NETWORK K,47,MANET,CLASS 4
79,4,1.3,38,1.69,ec:01:ee:e8:ae:82,10.226.30.168,10.0.0.0,NETWORK A,43,MANET,CLASS 2
80,6,2.02,90,32,e0:62:67:1b:d9:79,56.69.11.17,56.0.0.0,NETWORK Q,77,MANET,CLASS 1
81,4,2.39,28,212,90:DD:5D:16:52:A1,192.168.88.101,192.168.88.0,NETWORK N,107,DTN,CLASS 1
82,8,2.8,40,128,98:09:cf:15:15:aa,100.119.68.178,100.0.0.0,NETWORK B,99,MANET,CLASS 1
83,4,2.2,38,64,14:D1:69:DC:99:C8,192.168.29.151,192.168.29.0,NETWORK J,147,DTN,CLASS 1
84,6,0.79,30,64,f4:f5:db:8a:8e:e3,103.21.127.76,103.0.0.0,NETWORK C,63,MANET,CLASS 1
85,3,1.8,49,2.51,74:23:44:39:d4:b5,56.107.52.245,56.0.0.0,NETWORK Q,68,MANET,CLASS 2
86,2,1.85,53,16,08:25:25:40:6a:bc,100.119.68.171,100.0.0.0,NETWORK B,136,DTN,CLASS 2
87,3,1.5,99,3.56,48:88:ca:eb:7c:d3:,192.168.100.5,192.168.100.0,NETWORK G,101,DTN,CLASS 2
88,2,1.84,64,64,48:3B:38:B0:06:4F,192.168.0.11,192.168.0.0,NETWORK E,105,DTN,CLASS 1
89,4,2.2,40,51,20:a6:0c:8d:55:34,192.168.0.31,192.168.0.0,NETWORK E,29,MANET,CLASS 1
90,6,2.8,28,64,20:a6:0c:3a:73:89,100.83.84.165,100.0.0.0,NETWORK B,141,DTN,CLASS 1
91,3,1.8,78,1,74:23:44:3c:4f:97,56.83.174.218,56.0.0.0,NETWORK Q,9,Bluetooth,CLASS 2
92,3,2.36,26,2.15,A0:57:E3:46:0B:96,100.99.145.134,100.0.0.0,NETWORK B,108,DTN,CLASS 2
93,6,2.2,67,128,70:5e:55:e1:40:9f,100.89.161.193,100.0.0.0,NETWORK B,91,MANET,CLASS 1
94,3,1.4,15,1.3,4c:49:e3:67:cc:11,100.78.167.157,100.0.0.0,NETWORK B,137,DTN,CLASS 4
95,4,2.3,6,64,50:29:f5:44:bc:2d,192.168.18.62,192.168.18.0,NETWORK H,25,MANET,CLASS 3
96,2,1.8,30,9.39,50:C8:E5:BE:3C:7C,25.178.193.160,25.0.0.0,NETWORK P,60,MANET,CLASS 2
97,4,1.8,20,24.6,30:4b:07:68:fe:17,56.80.249.249,56.0.0.0,NETWORK Q,46,MANET,CLASS 3
98,6,2.48,81,87.14,98:09:cf:7a:54:bd,25.98.215.193,25.0.0.0,NETWORK P,27,MANET,CLASS 1
99,6,0.79,49,64,ac:57:75:5a:3a:3e,10.94.133.137,10.0.0.0,NETWORK A,117,DTN,CLASS 1
100,4,2,32,64,94:64:2d:95:ad:76,100.81.224.90,100.0.0.0,NETWORK B,93,MANET,CLASS 1
101,3,1.3,84,9.1,60:8E:08:02:FA:E9,25.45.123.242,25.0.0.0,NETWORK P,130,DTN,CLASS 2
102,6,1.8,91,78.02,64:a2:f9:d0:56:9f,100.78.132.110,100.0.0.0,NETWORK B,133,DTN,CLASS 1
103,2,0.79,44,1.3,B4:9C:DF:39:89:D0,100.81.235.107,100.0.0.0,NETWORK B,102,DTN,CLASS 2
104,3,1.8,75,250,ac:c1:ee:b0:e8:ad,10.106.53.157,10.0.0.0,NETWORK A,91,MANET,CLASS 1
105,4,2,44,15.32,f4:f5:db:8a:8e:e3,100.68.214.211,100.0.0.0,NETWORK B,63,MANET,CLASS 2
106,4,2.39,28,212,90:DD:5D:16:52:A1,192.168.88.102,192.168.88.0,NETWORK N,51,MANET,CLASS 1
107,4,1.8,13,64,d8:32:e3:5e:A5:b6,100.70.48.62,100.0.0.0,NETWORK B,32,MANET,CLASS 3
108,4,1.8,94,8.19,80:ad:16:ae:69:fa,56.69.11.19,56.0.0.0,NETWORK Q,133,DTN,CLASS 2
109,4,1,48,64,ec:01:ee:e8:ae:82,192.168.29.155,192.168.29.0,NETWORK J,45,MANET,CLASS 1
110,1,1,66,0.96,00:ec:0a:2b:4a:2b,56.83.174.211,56.0.0.0,NETWORK Q,92,MANET,CLASS 2
111,4,2,65,5.44,ac:57:75:5a:3a:3e,10.23.254.52,10.0.0.0,NETWORK A,43,MANET,CLASS 2
112,4,1.4,41,39.38,FC:AA:B6:6A:61:22,56.69.11.18,56.0.0.0,NETWORK Q,137,DTN,CLASS 1
113,2,1.4,97,761.65,e0:62:67:1b:d9:79,56.83.174.214,56.0.0.0,NETWORK Q,145,DTN,CLASS 1
114,6,2.8,57,10,f4:f5:db:8a:8e:e3,10.106.53.151,10.0.0.0,NETWORK A,131,DTN,CLASS 2
115,3,1.8,75,250,ac:c1:ee:b0:e8:ad,10.106.53.152,10.0.0.0,NETWORK A,131,DTN,CLASS 1
116,3,1.8,75,250,ac:c1:ee:b0:e8:ad,10.106.53.153,10.0.0.0,NETWORK A,27,MANET,CLASS 1
117,3,1.8,75,250,ac:c1:ee:b0:e8:ad,10.106.53.154,10.0.0.0,NETWORK A,127,DTN,CLASS 1
118,6,2.8,57,10,f4:f5:db:8a:8e:e3,10.106.53.155,10.0.0.0,NETWORK A,45,MANET,CLASS 2
119,8,2.84,33,25.6,02:00:00:00:00:00,10.114.248.62,10.0.0.0,NETWORK A,28,MANET,CLASS 1
120,8,2.84,33,25.6,02:00:00:00:00:00,10.114.248.66,10.0.0.0,NETWORK A,144,DTN,CLASS 1
121,8,2.84,33,25.6,02:00:00:00:00:00,10.114.248.69,10.0.0.0,NETWORK A,90,MANET,CLASS 1
122,8,2.84,33,25.6,02:00:00:00:00:00,10.114.248.64,10.0.0.0,NETWORK A,14,MANET,CLASS 1
123,8,2.84,33,25.6,02:00:00:00:00:00,10.114.248.63,10.0.0.0,NETWORK A,44,MANET,CLASS 1
124,8,2.84,33,25.6,02:00:00:00:00:00,10.114.248.68,10.0.0.0,NETWORK A,94,MANET,CLASS 1
125,8,2.85,70,256,ec:01:ee:e8:ae:82,10.140.25.221,10.0.0.0,NETWORK A,1,Bluetooth,CLASS 1
126,4,2,43,0.98,88:b4:a6:23:fa:9f,10.140.25.222,10.0.0.0,NETWORK A,64,MANET,CLASS 2
127,8,2.85,70,256,ec:01:ee:e8:ae:82,10.140.25.223,10.0.0.0,NETWORK A,140,DTN,CLASS 1
128,8,2.85,70,256,ec:01:ee:e8:ae:82,10.140.25.224,10.0.0.0,NETWORK A,82,MANET,CLASS 1
129,8,2.85,70,256,ec:01:ee:e8:ae:82,10.140.25.225,10.0.0.0,NETWORK A,127,DTN,CLASS 1
130,4,1.8,85,4.98,80:58:f8:68:bc:00,10.141.127.71,10.0.0.0,NETWORK A,127,DTN,CLASS 2
131,4,1.8,85,4.98,80:58:f8:68:bc:00,10.141.127.76,10.0.0.0,NETWORK A,90,MANET,CLASS 2
132,4,1.8,85,4.98,80:58:f8:68:bc:00,10.141.127.73,10.0.0.0,NETWORK A,133,DTN,CLASS 2
133,4,1.8,85,4.98,80:58:f8:68:bc:00,10.141.127.78,10.0.0.0,NETWORK A,128,DTN,CLASS 2
134,4,1.8,85,4.98,80:58:f8:68:bc:00,10.141.127.79,10.0.0.0,NETWORK A,141,DTN,CLASS 2
135,4,1.8,85,4.98,80:58:f8:68:bc:00,10.141.127.74,10.0.0.0,NETWORK A,41,MANET,CLASS 2
136,4,1.3,38,1.69,ec:01:ee:e8:ae:82,10.226.30.163,10.0.0.0,NETWORK A,108,DTN,CLASS 2
137,4,2.2,11,64,60:8E:08:43:38:C2,10.226.30.160,10.0.0.0,NETWORK A,91,MANET,CLASS 3
138,4,2.9,16,64,08:25:25:40:6a:bc,10.226.30.167,10.0.0.0,NETWORK A,105,DTN,CLASS 3
139,4,2,65,5.44,ac:57:75:5a:3a:3e,10.23.254.53,10.0.0.0,NETWORK A,71,MANET,CLASS 2
140,4,2,65,5.44,ac:57:75:5a:3a:3e,10.23.254.57,10.0.0.0,NETWORK A,118,DTN,CLASS 2
141,4,2,65,5.44,ac:57:75:5a:3a:3e,10.23.254.56,10.0.0.0,NETWORK A,70,MANET,CLASS 2
142,4,2,65,5.44,ac:57:75:5a:3a:3e,10.23.254.25,10.0.0.0,NETWORK A,35,MANET,CLASS 2
143,4,2,7,2.09,d8:32:e3:e8:8d:54,10.23.254.50,10.0.0.0,NETWORK A,123,DTN,CLASS 4
144,4,1.8,54,19.37,d0:04:01:5e:a1:f4,10.244.248.141,10.0.0.0,NETWORK A,143,DTN,CLASS 2
145,4,1.8,54,19.37,d0:04:01:5e:a1:f4,10.244.248.146,10.0.0.0,NETWORK A,114,DTN,CLASS 2
146,4,1.8,54,19.37,d0:04:01:5e:a1:f4,10.244.248.142,10.0.0.0,NETWORK A,90,MANET,CLASS 2
147,4,1.8,54,19.37,d0:04:01:5e:a1:f4,10.244.248.147,10.0.0.0,NETWORK A,145,DTN,CLASS 2
148,4,1.8,54,19.37,d0:04:01:5e:a1:f4,10.244.248.144,10.0.0.0,NETWORK A,59,MANET,CLASS 2
149,4,1.8,54,19.37,d0:04:01:5e:a1:f4,10.244.248.148,10.0.0.0,NETWORK A,49,MANET,CLASS 2
150,6,0.79,49,64,ac:57:75:5a:3a:3e,10.94.133.136,10.0.0.0,NETWORK A,72,MANET,CLASS 1
151,6,0.79,49,64,ac:57:75:5a:3a:3e,10.94.133.131,10.0.0.0,NETWORK A,44,MANET,CLASS 1
152,6,0.79,49,64,ac:57:75:5a:3a:3e,10.94.133.132,10.0.0.0,NETWORK A,127,DTN,CLASS 1
153,6,0.79,49,64,ac:57:75:5a:3a:3e,10.94.133.139,10.0.0.0,NETWORK A,127,DTN,CLASS 1
154,6,0.79,49,64,ac:57:75:5a:3a:3e,10.94.133.138,10.0.0.0,NETWORK A,43,MANET,CLASS 1
155,6,0.79,49,64,ac:57:75:5a:3a:3e,10.94.133.133,10.0.0.0,NETWORK A,7,Bluetooth,CLASS 1
156,3,1.8,78,1,38:a4:ed:55:5b:63,100.113.188.101,100.0.0.0,NETWORK B,98,MANET,CLASS 2
157,3,1.8,78,1,38:a4:ed:55:5b:63,100.113.188.102,100.0.0.0,NETWORK B,112,DTN,CLASS 2
158,3,1.8,78,1,38:a4:ed:55:5b:63,100.113.188.105,100.0.0.0,NETWORK B,47,MANET,CLASS 2
159,3,1.8,78,1,38:a4:ed:55:5b:63,100.113.188.108,100.0.0.0,NETWORK B,110,DTN,CLASS 2
160,3,1.8,78,1,38:a4:ed:55:5b:63,100.113.188.109,100.0.0.0,NETWORK B,108,DTN,CLASS 2
161,3,1.8,78,1,38:a4:ed:55:5b:63,100.113.188.121,100.0.0.0,NETWORK B,121,DTN,CLASS 2
162,8,2.8,40,128,98:09:cf:15:15:aa,100.119.68.172,100.0.0.0,NETWORK B,140,DTN,CLASS 1
163,2,1.85,53,16,08:25:25:40:6a:bc,100.119.68.174,100.0.0.0,NETWORK B,87,MANET,CLASS 2
164,8,2.8,40,128,98:09:cf:15:15:aa,100.119.68.179,100.0.0.0,NETWORK B,65,MANET,CLASS 1
165,8,2.8,40,128,98:09:cf:15:15:aa,100.119.68.173,100.0.0.0,NETWORK B,14,MANET,CLASS 1
166,2,1.85,53,16,08:25:25:40:6a:bc,100.119.68.170,100.0.0.0,NETWORK B,56,MANET,CLASS 2
167,6,1.6,63,64,54:B8:02:15:34:61,100.65.219.211,100.0.0.0,NETWORK B,145,DTN,CLASS 1
168,6,1.6,63,64,54:B8:02:15:34:61,100.65.219.212,100.0.0.0,NETWORK B,142,DTN,CLASS 1
169,6,1.6,63,64,54:B8:02:15:34:61,100.65.219.213,100.0.0.0,NETWORK B,1,Bluetooth,CLASS 1
170,6,1.6,63,64,54:B8:02:15:34:61,100.65.219.214,100.0.0.0,NETWORK B,149,DTN,CLASS 1
171,6,1.6,63,64,54:B8:02:15:34:61,100.65.219.216,100.0.0.0,NETWORK B,10,Bluetooth,CLASS 1
172,6,1.6,63,64,54:B8:02:15:34:61,100.65.219.218,100.0.0.0,NETWORK B,94,MANET,CLASS 1
173,2,1.3,44,47,60:45:cb:58:f8:61,100.66.62.71,100.0.0.0,NETWORK B,102,DTN,CLASS 1
174,2,1.3,44,47,60:45:cb:58:f8:61,100.66.62.72,100.0.0.0,NETWORK B,94,MANET,CLASS 1
175,2,1.3,44,47,60:45:cb:58:f8:61,100.66.62.73,100.0.0.0,NETWORK B,14,MANET,CLASS 1
176,2,1.3,44,47,60:45:cb:58:f8:61,100.66.62.78,100.0.0.0,NETWORK B,44,MANET,CLASS 1
177,2,1.3,44,47,60:45:cb:58:f8:61,100.66.62.79,100.0.0.0,NETWORK B,26,MANET,CLASS 1
178,2,1.3,44,47,60:45:cb:58:f8:61,100.66.62.70,100.0.0.0,NETWORK B,90,MANET,CLASS 1
179,4,2,37,1.53,70:b7:aa:4a:55:55,100.67.161.158,100.0.0.0,NETWORK B,100,MANET,CLASS 2
180,4,2,37,1.53,70:b7:aa:4a:55:55,100.67.161.153,100.0.0.0,NETWORK B,82,MANET,CLASS 2
181,4,2,37,1.53,70:b7:aa:4a:55:55,100.67.161.151,100.0.0.0,NETWORK B,81,MANET,CLASS 2
182,4,2,37,1.53,70:b7:aa:4a:55:55,100.67.161.154,100.0.0.0,NETWORK B,24,MANET,CLASS 2
183,4,2,37,1.53,70:b7:aa:4a:55:55,100.67.161.159,100.0.0.0,NETWORK B,108,DTN,CLASS 2
184,4,2,37,1.53,70:b7:aa:4a:55:55,100.67.161.152,100.0.0.0,NETWORK B,106,DTN,CLASS 2
185,4,2,44,15.32,f4:f5:db:8a:8e:e3,100.68.214.212,100.0.0.0,NETWORK B,19,MANET,CLASS 2
186,4,2,44,15.32,f4:f5:db:8a:8e:e3,100.68.214.213,100.0.0.0,NETWORK B,98,MANET,CLASS 2
187,4,2,44,15.32,f4:f5:db:8a:8e:e3,100.68.214.214,100.0.0.0,NETWORK B,28,MANET,CLASS 2
188,4,2,44,15.32,f4:f5:db:8a:8e:e3,100.68.214.215,100.0.0.0,NETWORK B,131,DTN,CLASS 2
189,4,2,44,15.32,f4:f5:db:8a:8e:e3,100.68.214.217,100.0.0.0,NETWORK B,35,MANET,CLASS 2
190,4,2,44,15.32,f4:f5:db:8a:8e:e3,100.68.214.167,100.0.0.0,NETWORK B,77,MANET,CLASS 2
191,6,2.2,48,41.4,0C:E0:DC:C2:EA:EF,100.69.133.69,100.0.0.0,NETWORK B,54,MANET,CLASS 1
192,6,2.2,48,41.4,0C:E0:DC:C2:EA:EF,100.69.133.61,100.0.0.0,NETWORK B,23,MANET,CLASS 1
193,6,2.2,48,41.4,0C:E0:DC:C2:EA:EF,100.69.133.62,100.0.0.0,NETWORK B,93,MANET,CLASS 1
194,6,2.2,48,41.4,0C:E0:DC:C2:EA:EF,100.69.133.60,100.0.0.0,NETWORK B,48,MANET,CLASS 1
195,6,2.2,48,41.4,0C:E0:DC:C2:EA:EF,100.69.133.63,100.0.0.0,NETWORK B,29,MANET,CLASS 1
196,6,2.2,48,41.4,0C:E0:DC:C2:EA:EF,100.69.133.64,100.0.0.0,NETWORK B,143,DTN,CLASS 1
197,4,1.8,13,64,d8:32:e3:5e:A5:b6,100.70.48.61,100.0.0.0,NETWORK B,26,MANET,CLASS 3
198,4,1.8,13,64,d8:32:e3:5e:A5:b6,100.70.48.60,100.0.0.0,NETWORK B,44,MANET,CLASS 3
199,4,1.8,13,64,d8:32:e3:5e:A5:b6,100.70.48.68,100.0.0.0,NETWORK B,29,MANET,CLASS 3
200,4,1.8,13,64,d8:32:e3:5e:A5:b6,100.70.48.67,100.0.0.0,NETWORK B,71,MANET,CLASS 3
201,4,1.8,13,64,d8:32:e3:5e:A5:b6,100.70.48.66,100.0.0.0,NETWORK B,115,DTN,CLASS 3
202,4,1.8,13,64,d8:32:e3:5e:A5:b6,100.70.48.63,100.0.0.0,NETWORK B,29,MANET,CLASS 3
203,6,2.02,44,84.5,b4:c4:fc:84:84:f4,100.71.213.81,100.0.0.0,NETWORK B,66,MANET,CLASS 1
204,6,2.02,44,84.5,b4:c4:fc:84:84:f4,100.71.213.82,100.0.0.0,NETWORK B,80,MANET,CLASS 1
205,6,2.02,44,84.5,b4:c4:fc:84:84:f4,100.71.213.83,100.0.0.0,NETWORK B,130,DTN,CLASS 1
206,6,2.02,44,84.5,b4:c4:fc:84:84:f4,100.71.213.85,100.0.0.0,NETWORK B,131,DTN,CLASS 1
207,6,2.02,44,84.5,b4:c4:fc:84:84:f4,100.71.213.89,100.0.0.0,NETWORK B,84,MANET,CLASS 1
208,6,2.02,44,84.5,b4:c4:fc:84:84:f4,100.71.213.88,100.0.0.0,NETWORK B,94,MANET,CLASS 1
209,2,1.8,65,1.45,b4:cb:57:a4:e9:ef,100.73.182.111,100.0.0.0,NETWORK B,88,MANET,CLASS 2
210,2,1.8,65,1.45,b4:cb:57:a4:e9:ef,100.73.182.112,100.0.0.0,NETWORK B,25,MANET,CLASS 2
211,2,1.8,65,1.45,b4:cb:57:a4:e9:ef,100.73.182.113,100.0.0.0,NETWORK B,12,MANET,CLASS 2
212,2,1.8,65,1.45,b4:cb:57:a4:e9:ef,100.73.182.114,100.0.0.0,NETWORK B,3,Bluetooth,CLASS 2
213,2,1.8,65,1.45,b4:cb:57:a4:e9:ef,100.73.182.115,100.0.0.0,NETWORK B,133,DTN,CLASS 2
214,2,1.8,65,1.45,b4:cb:57:a4:e9:ef,100.73.182.116,100.0.0.0,NETWORK B,16,MANET,CLASS 2
215,6,1.8,91,78.02,64:a2:f9:d0:56:9f,100.78.132.118,100.0.0.0,NETWORK B,89,MANET,CLASS 1
216,6,1.8,91,78.02,64:a2:f9:d0:56:9f,100.78.132.117,100.0.0.0,NETWORK B,149,DTN,CLASS 1
217,6,1.8,91,78.02,64:a2:f9:d0:56:9f,100.78.132.119,100.0.0.0,NETWORK B,81,MANET,CLASS 1
218,6,1.8,91,78.02,64:a2:f9:d0:56:9f,100.78.132.123,100.0.0.0,NETWORK B,14,MANET,CLASS 1
219,6,1.8,91,78.02,64:a2:f9:d0:56:9f,100.78.132.126,100.0.0.0,NETWORK B,30,MANET,CLASS 1
220,6,1.8,91,78.02,64:a2:f9:d0:56:9f,100.78.132.128,100.0.0.0,NETWORK B,69,MANET,CLASS 1
221,3,1.3,12,0.96,34:78:d7:b9:1a:18,100.79.76.232,100.0.0.0,NETWORK B,14,MANET,CLASS 4
222,3,1.3,12,0.96,34:78:d7:b9:1a:18,100.79.76.233,100.0.0.0,NETWORK B,10,Bluetooth,CLASS 4
223,3,1.3,12,0.96,34:78:d7:b9:1a:18,100.79.76.235,100.0.0.0,NETWORK B,45,MANET,CLASS 4
224,3,1.3,12,0.96,34:78:d7:b9:1a:18,100.79.76.239,100.0.0.0,NETWORK B,31,MANET,CLASS 4
225,3,1.3,12,0.96,34:78:d7:b9:1a:18,100.79.76.293,100.0.0.0,NETWORK B,144,DTN,CLASS 4
226,3,1.3,12,0.96,34:78:d7:b9:1a:18,100.79.76.234,100.0.0.0,NETWORK B,132,DTN,CLASS 4
227,4,2,31,9.46,04:d1:3a:02:7b:b3,100.81.235.109,100.0.0.0,NETWORK B,54,MANET,CLASS 2
228,4,2,31,9.46,04:d1:3a:02:7b:b3,100.81.235.108,100.0.0.0,NETWORK B,47,MANET,CLASS 2
229,4,2,31,9.46,04:d1:3a:02:7b:b3,100.81.235.101,100.0.0.0,NETWORK B,102,DTN,CLASS 2
230,4,2,31,9.46,04:d1:3a:02:7b:b3,100.81.235.102,100.0.0.0,NETWORK B,8,Bluetooth,CLASS 2
231,4,2,31,9.46,04:d1:3a:02:7b:b3,100.81.235.116,100.0.0.0,NETWORK B,61,MANET,CLASS 2
232,4,2,31,9.46,04:d1:3a:02:7b:b3,100.81.235.118,100.0.0.0,NETWORK B,34,MANET,CLASS 2
233,4,2,41,1,04:d1:3a:02:7b:b3,100.81.235.190,100.0.0.0,NETWORK B,8,Bluetooth,CLASS 2
234,2,0.79,44,1.3,B4:9C:DF:39:89:D0,100.81.235.127,100.0.0.0,NETWORK B,74,MANET,CLASS 2
235,4,2,41,1,04:d1:3a:02:7b:b3,100.81.235.105,100.0.0.0,NETWORK B,51,MANET,CLASS 2
236,2,0.79,44,1.3,B4:9C:DF:39:89:D0,100.81.235.106,100.0.0.0,NETWORK B,40,MANET,CLASS 2
237,2,0.79,44,1.3,B4:9C:DF:39:89:D0,100.81.235.100,100.0.0.0,NETWORK B,22,MANET,CLASS 2
238,4,2,32,64,94:64:2d:95:ad:76,100.81.224.91,100.0.0.0,NETWORK B,44,MANET,CLASS 1
239,4,2,32,64,94:64:2d:95:ad:76,100.81.224.92,100.0.0.0,NETWORK B,74,MANET,CLASS 1
240,4,2,32,64,94:64:2d:95:ad:76,100.81.224.93,100.0.0.0,NETWORK B,53,MANET,CLASS 1
241,4,2,32,64,94:64:2d:95:ad:76,100.81.224.94,100.0.0.0,NETWORK B,70,MANET,CLASS 1
242,4,2,32,64,94:64:2d:95:ad:76,100.81.224.96,100.0.0.0,NETWORK B,22,MANET,CLASS 1
243,4,2,32,64,94:64:2d:95:ad:76,100.81.224.98,100.0.0.0,NETWORK B,35,MANET,CLASS 1
244,4,1.8,46,30.2,FC:AA:B6:6A:61:22,100.81.5.251,100.0.0.0,NETWORK B,134,DTN,CLASS 1
245,4,1.8,46,30.2,FC:AA:B6:6A:61:22,100.81.5.253,100.0.0.0,NETWORK B,82,MANET,CLASS 1
246,4,1.8,46,30.2,FC:AA:B6:6A:61:22,100.81.5.257,100.0.0.0,NETWORK B,118,DTN,CLASS 1
247,4,1.8,46,30.2,FC:AA:B6:6A:61:22,100.81.5.259,100.0.0.0,NETWORK B,50,MANET,CLASS 1
248,4,1.8,46,30.2,FC:AA:B6:6A:61:22,100.81.5.254,100.0.0.0,NETWORK B,27,MANET,CLASS 1
249,4,1.8,46,30.2,FC:AA:B6:6A:61:22,100.81.5.250,100.0.0.0,NETWORK B,91,MANET,CLASS 1
250,6,2.8,28,64,20:a6:0c:3a:73:89,100.83.84.161,100.0.0.0,NETWORK B,15,MANET,CLASS 1
251,6,2.8,28,64,20:a6:0c:3a:73:89,100.83.84.162,100.0.0.0,NETWORK B,5,Bluetooth,CLASS 1
252,6,2.8,28,64,20:a6:0c:3a:73:89,100.83.84.163,100.0.0.0,NETWORK B,34,MANET,CLASS 1
253,6,2.8,28,64,20:a6:0c:3a:73:89,100.83.84.164,100.0.0.0,NETWORK B,72,MANET,CLASS 1
254,6,2.8,28,64,20:a6:0c:3a:73:89,100.83.84.169,100.0.0.0,NETWORK B,110,DTN,CLASS 1
255,6,2.8,28,64,20:a6:0c:3a:73:89,100.83.84.168,100.0.0.0,NETWORK B,95,MANET,CLASS 1
256,3,1.6,97,64,60:8E:08:43:38:C2,100.86.247.141,100.0.0.0,NETWORK B,10,Bluetooth,CLASS 1
257,3,1.6,97,64,60:8E:08:43:38:C2,100.86.247.142,100.0.0.0,NETWORK B,42,MANET,CLASS 1
258,3,1.6,97,64,60:8E:08:43:38:C2,100.86.247.143,100.0.0.0,NETWORK B,31,MANET,CLASS 1
259,3,1.6,97,64,60:8E:08:43:38:C2,100.86.247.145,100.0.0.0,NETWORK B,100,MANET,CLASS 1
260,3,1.6,97,64,60:8E:08:43:38:C2,100.86.247.146,100.0.0.0,NETWORK B,101,DTN,CLASS 1
261,3,1.6,97,64,60:8E:08:43:38:C2,100.86.247.147,100.0.0.0,NETWORK B,111,DTN,CLASS 1
262,3,2.3,41,0.53,30:a8:db:9c:86:c6,100.86.99.162,100.0.0.0,NETWORK B,138,DTN,CLASS 2
263,3,2.3,41,0.53,30:a8:db:9c:86:c6,100.86.99.161,100.0.0.0,NETWORK B,149,DTN,CLASS 2
264,3,2.3,41,0.53,30:a8:db:9c:86:c6,100.86.99.167,100.0.0.0,NETWORK B,42,MANET,CLASS 2
265,3,2.3,41,0.53,30:a8:db:9c:86:c6,100.86.99.169,100.0.0.0,NETWORK B,82,MANET,CLASS 2
266,3,2.3,41,0.53,30:a8:db:9c:86:c6,100.86.99.160,100.0.0.0,NETWORK B,94,MANET,CLASS 2
267,3,2.3,41,0.53,30:a8:db:9c:86:c6,100.86.99.145,100.0.0.0,NETWORK B,33,MANET,CLASS 2
268,6,2.2,67,128,70:5e:55:e1:40:9f,100.89.161.191,100.0.0.0,NETWORK B,63,MANET,CLASS 1
269,6,2.2,67,128,70:5e:55:e1:40:9f,100.89.161.192,100.0.0.0,NETWORK B,127,DTN,CLASS 1
270,6,2.2,67,128,70:5e:55:e1:40:9f,100.89.161.196,100.0.0.0,NETWORK B,124,DTN,CLASS 1
271,6,2.2,67,128,70:5e:55:e1:40:9f,100.89.161.197,100.0.0.0,NETWORK B,80,MANET,CLASS 1
272,6,2.2,67,128,70:5e:55:e1:40:9f,100.89.161.198,100.0.0.0,NETWORK B,138,DTN,CLASS 1
273,6,2.2,67,128,70:5e:55:e1:40:9f,100.89.161.186,100.0.0.0,NETWORK B,136,DTN,CLASS 1
274,3,2.36,26,2.15,A0:57:E3:46:0B:96,100.99.145.124,100.0.0.0,NETWORK B,124,DTN,CLASS 2
275,3,2.36,26,2.15,A0:57:E3:46:0B:96,100.99.145.113,100.0.0.0,NETWORK B,67,MANET,CLASS 2
276,3,2.36,26,2.15,A0:57:E3:46:0B:96,100.99.145.118,100.0.0.0,NETWORK B,64,MANET,CLASS 2
277,3,2.36,26,2.15,A0:57:E3:46:0B:96,100.99.145.130,100.0.0.0,NETWORK B,93,MANET,CLASS 2
278,3,2.36,26,2.15,A0:57:E3:46:0B:96,100.99.145.174,100.0.0.0,NETWORK B,96,MANET,CLASS 2
279,3,2.36,26,2.15,A0:57:E3:46:0B:96,100.99.145.171,100.0.0.0,NETWORK B,125,DTN,CLASS 2
280,3,1.4,15,1.3,4c:49:e3:67:cc:11,100.78.167.150,100.0.0.0,NETWORK B,25,MANET,CLASS 4
281,3,1.4,15,1.3,4c:49:e3:67:cc:11,100.78.167.152,100.0.0.0,NETWORK B,106,DTN,CLASS 4
282,3,1.4,15,1.3,4c:49:e3:67:cc:11,100.78.167.126,100.0.0.0,NETWORK B,3,Bluetooth,CLASS 4
283,3,1.4,15,1.3,4c:49:e3:67:cc:11,100.78.167.118,100.0.0.0,NETWORK B,77,MANET,CLASS 4
284,3,1.4,15,1.3,4c:49:e3:67:cc:11,100.78.167.128,100.0.0.0,NETWORK B,137,DTN,CLASS 4
285,3,1.4,15,1.3,4c:49:e3:67:cc:11,100.78.167.196,100.0.0.0,NETWORK B,115,DTN,CLASS 4
286,8,1.3,16,512,FC:AA:B6:6A:61:22,103.21.127.70,103.0.0.0,NETWORK C,52,MANET,CLASS 3
287,8,1,16,512,e0:62:67:1b:d9:79,103.21.127.79,103.0.0.0,NETWORK C,93,MANET,CLASS 3
288,6,0.79,30,64,f4:f5:db:8a:8e:e3,103.21.127.75,103.0.0.0,NETWORK C,119,DTN,CLASS 1
289,6,0.79,30,64,f4:f5:db:8a:8e:e3,103.21.127.71,103.0.0.0,NETWORK C,81,MANET,CLASS 1
290,8,2.2,50,32,bc:9F:EF:E9:4F:2E,103.92.41.31,103.0.0.0,NETWORK C,37,MANET,CLASS 1
291,8,2.2,50,32,bc:9F:EF:E9:4F:2E,103.92.41.32,103.0.0.0,NETWORK C,129,DTN,CLASS 1
292,8,2.2,50,32,bc:9F:EF:E9:4F:2E,103.92.41.35,103.0.0.0,NETWORK C,147,DTN,CLASS 1
293,8,2.2,50,32,bc:9F:EF:E9:4F:2E,103.92.41.39,103.0.0.0,NETWORK C,44,MANET,CLASS 1
294,8,2.2,50,32,bc:9F:EF:E9:4F:2E,103.92.41.38,103.0.0.0,NETWORK C,25,MANET,CLASS 1
295,8,2.2,50,32,bc:9F:EF:E9:4F:2E,103.92.41.33,103.0.0.0,NETWORK C,94,MANET,CLASS 1
296,4,1,60,10,e0:62:67:1b:d9:79,123.34.4.7,123.0.0.0,NETWORK D,43,MANET,CLASS 2
297,4,1,60,10,e0:62:67:1b:d9:79,123.34.4.8,123.0.0.0,NETWORK D,52,MANET,CLASS 2
298,4,1,60,10,e0:62:67:1b:d9:79,123.34.4.1,123.0.0.0,NETWORK D,125,DTN,CLASS 2
299,4,1,60,10,e0:62:67:1b:d9:79,123.34.4.2,123.0.0.0,NETWORK D,39,MANET,CLASS 2
300,4,1,60,10,e0:62:67:1b:d9:79,123.34.4.4,123.0.0.0,NETWORK D,0,Bluetooth,CLASS 2
301,4,1,60,10,e0:62:67:1b:d9:79,123.34.4.3,123.0.0.0,NETWORK D,123,DTN,CLASS 2
302,4,2.2,38,64,14:D1:69:DC:99:C8,192.168.29.145,192.168.29.0,NETWORK J,138,DTN,CLASS 1
303,4,1,48,64,ec:01:ee:e8:ae:82,192.168.29.135,192.168.29.0,NETWORK J,49,MANET,CLASS 1
304,4,1,48,64,ec:01:ee:e8:ae:82,192.168.29.115,192.168.29.0,NETWORK J,97,MANET,CLASS 1
305,4,1,48,64,ec:01:ee:e8:ae:82,192.168.29.159,192.168.29.0,NETWORK J,58,MANET,CLASS 1
306,4,1,48,64,ec:01:ee:e8:ae:82,192.168.29.154,192.168.29.0,NETWORK J,67,MANET,CLASS 1
307,4,1,100,4,ac:c1:ee:b0:e8:ad,192.168.0.112,192.168.0.0,NETWORK E,63,MANET,CLASS 2
308,4,1,100,4,ac:c1:ee:b0:e8:ad,192.168.0.123,192.168.0.0,NETWORK E,136,DTN,CLASS 2
309,4,1,100,4,ac:c1:ee:b0:e8:ad,192.168.0.134,192.168.0.0,NETWORK E,76,MANET,CLASS 2
310,6,2.8,70,84.5,70:bb:e9:35:02:b8,192.168.0.136,192.168.0.0,NETWORK E,97,MANET,CLASS 1
311,6,2.8,70,84.5,70:bb:e9:35:02:b8,192.168.0.196,192.168.0.0,NETWORK E,5,Bluetooth,CLASS 1
312,4,1.3,97,64,a8:96:75:60:16:2a,192.168.0.111,192.168.0.0,NETWORK E,132,DTN,CLASS 1
313,4,1.3,97,64,a8:96:75:60:16:2a,192.168.0.118,192.168.0.0,NETWORK E,90,MANET,CLASS 1
314,4,1.3,97,64,a8:96:75:60:16:2a,192.168.0.167,192.168.0.0,NETWORK E,123,DTN,CLASS 1
315,4,1.3,97,64,a8:96:75:60:16:2a,192.168.0.108,192.168.0.0,NETWORK E,3,Bluetooth,CLASS 1
316,4,1.3,97,64,a8:96:75:60:16:2a,192.168.0.105,192.168.0.0,NETWORK E,143,DTN,CLASS 1
317,4,1.3,97,64,a8:96:75:60:16:2a,192.168.0.115,192.168.0.0,NETWORK E,73,MANET,CLASS 1
318,4,2.45,35,128,B4:F7:A1:E1:C0:8B,192.168.0.211,192.168.0.0,NETWORK E,117,DTN,CLASS 1
319,4,2.45,35,128,B4:F7:A1:E1:C0:8B,192.168.0.103,192.168.0.0,NETWORK E,123,DTN,CLASS 1
320,4,2.45,35,128,B4:F7:A1:E1:C0:8B,192.168.0.117,192.168.0.0,NETWORK E,46,MANET,CLASS 1
321,4,2.45,35,128,B4:F7:A1:E1:C0:8B,192.168.0.156,192.168.0.0,NETWORK E,104,DTN,CLASS 1
322,4,2.45,35,128,B4:F7:A1:E1:C0:8B,192.168.0.109,192.168.0.0,NETWORK E,6,Bluetooth,CLASS 1
323,4,2.45,35,128,B4:F7:A1:E1:C0:8B,192.168.0.125,192.168.0.0,NETWORK E,145,DTN,CLASS 1
324,2,1.84,64,64,48:3B:38:B0:06:4F,192.168.0.17,192.168.0.0,NETWORK E,50,MANET,CLASS 1
325,2,1.84,64,64,48:3B:38:B0:06:4F,192.168.0.24,192.168.0.0,NETWORK E,37,MANET,CLASS 1
326,2,1.84,64,64,48:3B:38:B0:06:4F,192.168.0.13,192.168.0.0,NETWORK E,62,MANET,CLASS 1
327,2,1.84,64,64,48:3B:38:B0:06:4F,192.168.0.15,192.168.0.0,NETWORK E,17,MANET,CLASS 1
328,2,1.84,64,64,48:3B:38:B0:06:4F,192.168.0.18,192.168.0.0,NETWORK E,89,MANET,CLASS 1
329,2,1.84,64,64,48:3B:38:B0:06:4F,192.168.0.22,192.168.0.0,NETWORK E,140,DTN,CLASS 1
330,4,2,99,32,00:ec:0a:2b:4a:2b,192.168.0.181,192.168.0.0,NETWORK E,47,MANET,CLASS 1
331,4,2,99,32,00:ec:0a:2b:4a:2b,192.168.0.182,192.168.0.0,NETWORK E,112,DTN,CLASS 1
332,4,2,99,32,00:ec:0a:2b:4a:2b,192.168.0.183,192.168.0.0,NETWORK E,137,DTN,CLASS 1
333,4,2,99,32,00:ec:0a:2b:4a:2b,192.168.0.187,192.168.0.0,NETWORK E,7,Bluetooth,CLASS 1
334,4,2,99,32,00:ec:0a:2b:4a:2b,192.168.0.188,192.168.0.0,NETWORK E,145,DTN,CLASS 1
335,4,2,99,32,00:ec:0a:2b:4a:2b,192.168.0.189,192.168.0.0,NETWORK E,35,MANET,CLASS 1
336,6,2.45,97,64,94:65:2d:eb:89:53,192.168.0.32,192.168.0.0,NETWORK E,7,Bluetooth,CLASS 1
337,6,2.45,100,64,94:65:2d:ef:b0:5c,192.168.0.33,192.168.0.0,NETWORK E,96,MANET,CLASS 1
338,6,2.45,97,64,94:65:2d:eb:89:53,192.168.0.34,192.168.0.0,NETWORK E,111,DTN,CLASS 1
339,6,2.45,97,64,94:65:2d:eb:89:53,192.168.0.35,192.168.0.0,NETWORK E,119,DTN,CLASS 1
340,6,2.45,100,64,94:65:2d:ef:b0:5c,192.168.0.29,192.168.0.0,NETWORK E,109,DTN,CLASS 1
341,3,1.6,42,8.8,5c:99:60:49:E7:48,192.168.0.30,192.168.0.0,NETWORK E,89,MANET,CLASS 2
342,4,2.2,40,51,20:a6:0c:8d:55:34,192.168.0.27,192.168.0.0,NETWORK E,137,DTN,CLASS 1
343,3,1.6,42,8.8,5c:99:60:49:E7:48,192.168.0.23,192.168.0.0,NETWORK E,57,MANET,CLASS 2
344,3,1.6,42,8.8,5c:99:60:49:E7:48,192.168.0.1,192.168.0.0,NETWORK E,136,DTN,CLASS 2
345,3,1.6,42,8.8,5c:99:60:49:E7:48,192.168.0.36,192.168.0.0,NETWORK E,127,DTN,CLASS 2
346,2,1.8,99,13.6,5C:F7:E6:A8:50:F7,192.168.1.100,192.168.1.0,NETWORK F,11,MANET,CLASS 2
347,2,1.8,99,13.6,5C:F7:E6:A8:50:F7,192.168.1.102,192.168.1.0,NETWORK F,97,MANET,CLASS 2
348,2,1.8,99,13.6,5C:F7:E6:A8:50:F7,192.168.1.104,192.168.1.0,NETWORK F,29,MANET,CLASS 2
349,2,1.8,99,13.6,5C:F7:E6:A8:50:F7,192.168.1.109,192.168.1.0,NETWORK F,87,MANET,CLASS 2
350,2,1.8,99,13.6,5C:F7:E6:A8:50:F7,192.168.1.112,192.168.1.0,NETWORK F,8,Bluetooth,CLASS 2
351,2,1.8,99,13.6,5C:F7:E6:A8:50:F7,192.168.1.101,192.168.1.0,NETWORK F,60,MANET,CLASS 2
352,8,2.8,80,36,21:a5:0v:af:1c:80,192.168.1.121,192.168.1.0,NETWORK F,24,MANET,CLASS 1
353,8,2.8,80,36,21:a5:0v:af:1c:80,192.168.1.122,192.168.1.0,NETWORK F,25,MANET,CLASS 1
354,8,2.8,80,36,21:a5:0v:af:1c:80,192.168.1.123,192.168.1.0,NETWORK F,28,MANET,CLASS 1
355,8,2.8,80,36,21:a5:0v:af:1c:80,192.168.1.124,192.168.1.0,NETWORK F,70,MANET,CLASS 1
356,8,2.8,80,36,21:a5:0v:af:1c:80,192.168.1.126,192.168.1.0,NETWORK F,145,DTN,CLASS 1
357,8,2.8,80,36,21:a5:0v:af:1c:80,192.168.1.129,192.168.1.0,NETWORK F,123,DTN,CLASS 1
358,4,2.2,83,35,34:12:F9:7D:2D:39,192.168.1.1,192.168.1.0,NETWORK F,102,DTN,CLASS 1
359,4,2.2,83,35,34:12:F9:7D:2D:39,192.168.1.3,192.168.1.0,NETWORK F,68,MANET,CLASS 1
360,4,2.2,83,35,34:12:F9:7D:2D:39,192.168.1.8,192.168.1.0,NETWORK F,67,MANET,CLASS 1
361,4,2.2,83,35,34:12:F9:7D:2D:39,192.168.1.9,192.168.1.0,NETWORK F,82,MANET,CLASS 1
362,4,2.2,83,35,34:12:F9:7D:2D:39,192.168.1.4,192.168.1.0,NETWORK F,113,DTN,CLASS 1
363,4,2.2,83,35,34:12:F9:7D:2D:39,192.168.1.5,192.168.1.0,NETWORK F,88,MANET,CLASS 1
364,3,1.5,99,3.56,48:88:ca:eb:7c:d3:,192.168.100.1,192.168.100.0,NETWORK G,133,DTN,CLASS 2
365,3,1.5,99,3.56,48:88:ca:eb:7c:d3:,192.168.100.2,192.168.100.0,NETWORK G,69,MANET,CLASS 2
366,3,1.5,99,3.56,48:88:ca:eb:7c:d3:,192.168.100.3,192.168.100.0,NETWORK G,47,MANET,CLASS 2
367,3,1.5,99,3.56,48:88:ca:eb:7c:d3:,192.168.100.6,192.168.100.0,NETWORK G,87,MANET,CLASS 2
368,3,1.5,99,3.56,48:88:ca:eb:7c:d3:,192.168.100.8,192.168.100.0,NETWORK G,121,DTN,CLASS 2
369,3,1.5,99,3.56,48:88:ca:eb:7c:d3:,192.168.100.7,192.168.100.0,NETWORK G,65,MANET,CLASS 2
370,4,2.3,6,64,50:29:f5:44:bc:2d,192.168.18.63,192.168.18.0,NETWORK H,62,MANET,CLASS 3
371,4,2.3,6,64,50:29:f5:44:bc:2d,192.168.18.60,192.168.18.0,NETWORK H,51,MANET,CLASS 3
372,4,2.3,6,64,50:29:f5:44:bc:2d,192.168.18.56,192.168.18.0,NETWORK H,122,DTN,CLASS 3
373,4,2.3,6,64,50:29:f5:44:bc:2d,192.168.18.45,192.168.18.0,NETWORK H,74,MANET,CLASS 3
374,4,2.3,6,64,50:29:f5:44:bc:2d,192.168.18.17,192.168.18.0,NETWORK H,10,Bluetooth,CLASS 3
375,4,2.3,6,64,50:29:f5:44:bc:2d,192.168.18.63,192.168.18.0,NETWORK H,141,DTN,CLASS 3
376,1,1.3,93,8,60:2E:02:C4:3E:E2,192.168.2.114,192.168.2.0,NETWORK I,23,MANET,CLASS 2
377,1,1.3,93,8,60:2E:02:C4:3E:E2,192.168.2.119,192.168.2.0,NETWORK I,0,Bluetooth,CLASS 2
378,1,1.3,93,8,60:2E:02:C4:3E:E2,192.168.2.111,192.168.2.0,NETWORK I,111,DTN,CLASS 2
379,1,1.3,93,8,60:2E:02:C4:3E:E2,192.168.2.113,192.168.2.0,NETWORK I,85,MANET,CLASS 2
380,1,1.3,93,8,60:2E:02:C4:3E:E2,192.168.2.117,192.168.2.0,NETWORK I,148,DTN,CLASS 2
381,1,1.3,93,8,60:2E:02:C4:3E:E2,192.168.2.116,192.168.2.0,NETWORK I,14,MANET,CLASS 2
382,2,1.3,8,16,02:00:00:00:00:00,192.168.2.12,192.168.2.0,NETWORK I,48,MANET,CLASS 4
383,2,1.3,8,16,02:00:00:00:00:00,192.168.2.10,192.168.2.0,NETWORK I,112,DTN,CLASS 4
384,8,2.8,93,33.61,70:b7:aa:39:24:77,192.168.2.11,192.168.2.0,NETWORK I,64,MANET,CLASS 1
385,2,1.3,8,16,02:00:00:00:00:00,192.168.2.16,192.168.2.0,NETWORK I,51,MANET,CLASS 4
386,8,2.8,93,33.61,70:b7:aa:39:24:77,192.168.2.14,192.168.2.0,NETWORK I,112,DTN,CLASS 1
387,4,1.8,31,11.41,08:25:25:40:6a:bc,192.168.29.158,192.168.29.0,NETWORK J,134,DTN,CLASS 2
388,4,1.8,31,11.41,08:25:25:40:6a:bc,192.168.29.157,192.168.29.0,NETWORK J,76,MANET,CLASS 2
389,4,1.8,31,11.41,08:25:25:40:6a:bc,192.168.29.153,192.168.29.0,NETWORK J,140,DTN,CLASS 2
390,4,1.8,31,11.41,08:25:25:40:6a:bc,192.168.29.151,192.168.29.0,NETWORK J,29,MANET,CLASS 2
391,4,1.8,31,11.41,08:25:25:40:6a:bc,192.168.29.152,192.168.29.0,NETWORK J,76,MANET,CLASS 2
392,4,1.8,31,11.41,08:25:25:40:6a:bc,192.168.29.148,192.168.29.0,NETWORK J,113,DTN,CLASS 2
393,4,1.8,65,5.71,a4:12:32:cd:3a:f7,192.168.31.198,192.168.31.0,NETWORK K,63,MANET,CLASS 2
394,3,1.8,97,32,38:A4:ed:5d:f9:13,192.168.31.188,192.168.31.0,NETWORK K,118,DTN,CLASS 1
395,4,1.8,65,5.71,a4:12:32:cd:3a:f7,192.168.31.176,192.168.31.0,NETWORK K,60,MANET,CLASS 2
396,3,1.8,97,32,38:A4:ed:5d:f9:13,192.168.31.112,192.168.31.0,NETWORK K,141,DTN,CLASS 1
397,3,1.8,97,32,38:A4:ed:5d:f9:13,192.168.31.115,192.168.31.0,NETWORK K,108,DTN,CLASS 1
398,6,2.8,11,2.18,20:a6:0c:3a:a1:9d,192.168.31.209,192.168.31.0,NETWORK K,118,DTN,CLASS 4
399,6,2.8,11,2.18,20:a6:0c:3a:a1:9d,192.168.31.200,192.168.31.0,NETWORK K,22,MANET,CLASS 4
400,6,2.8,11,2.18,20:a6:0c:3a:a1:9d,192.168.31.201,192.168.31.0,NETWORK K,20,MANET,CLASS 4
401,6,2.8,11,2.18,20:a6:0c:3a:a1:9d,192.168.31.203,192.168.31.0,NETWORK K,138,DTN,CLASS 4
402,6,2.8,11,2.18,20:a6:0c:3a:a1:9d,192.168.31.208,192.168.31.0,NETWORK K,14,MANET,CLASS 4
403,6,2.8,11,2.18,20:a6:0c:3a:a1:9d,192.168.31.205,192.168.31.0,NETWORK K,114,DTN,CLASS 4
404,4,1.8,8,64,70:bb:e9:74:e5:f6,192.168.31.228,192.168.31.0,NETWORK K,93,MANET,CLASS 3
405,4,1.8,8,64,70:bb:e9:74:e5:f6,192.168.31.227,192.168.31.0,NETWORK K,32,MANET,CLASS 3
406,4,1.8,8,64,70:bb:e9:74:e5:f6,192.168.31.226,192.168.31.0,NETWORK K,45,MANET,CLASS 3
407,4,1.8,8,64,70:bb:e9:74:e5:f6,192.168.31.224,192.168.31.0,NETWORK K,134,DTN,CLASS 3
408,4,1.8,8,64,70:bb:e9:74:e5:f6,192.168.31.222,192.168.31.0,NETWORK K,119,DTN,CLASS 3
409,4,1.8,8,64,70:bb:e9:74:e5:f6,192.168.31.221,192.168.31.0,NETWORK K,42,MANET,CLASS 3
410,4,2,100,64,d8:6c:02:b3:5c:0b,192.168.33.5,192.168.33.0,NETWORK L,47,MANET,CLASS 1
411,4,2,100,64,d8:6c:02:b3:5c:0b,192.168.33.6,192.168.33.0,NETWORK L,104,DTN,CLASS 1
412,4,2,100,64,d8:6c:02:b3:5c:0b,192.168.33.7,192.168.33.0,NETWORK L,9,Bluetooth,CLASS 1
413,4,2,100,64,d8:6c:02:b3:5c:0b,192.168.33.8,192.168.33.0,NETWORK L,143,DTN,CLASS 1
414,4,2,100,64,d8:6c:02:b3:5c:0b,192.168.33.9,192.168.33.0,NETWORK L,40,MANET,CLASS 1
415,4,2,100,64,d8:6c:02:b3:5c:0b,192.168.33.10,192.168.33.0,NETWORK L,136,DTN,CLASS 1
416,8,2.8,34,256,64:a2:f9:c4:2c:18,192.168.5.6,192.168.5.0,NETWORK M,42,MANET,CLASS 1
417,8,2.8,34,256,64:a2:f9:c4:2c:18,192.168.5.8,192.168.5.0,NETWORK M,63,MANET,CLASS 1
418,8,2.8,34,256,64:a2:f9:c4:2c:18,192.168.5.3,192.168.5.0,NETWORK M,90,MANET,CLASS 1
419,8,2.8,34,256,64:a2:f9:c4:2c:18,192.168.5.7,192.168.5.0,NETWORK M,37,MANET,CLASS 1
420,8,2.8,34,256,64:a2:f9:c4:2c:18,192.168.5.9,192.168.5.0,NETWORK M,120,DTN,CLASS 1
421,8,2.8,34,256,64:a2:f9:c4:2c:18,192.168.5.10,192.168.5.0,NETWORK M,134,DTN,CLASS 1
422,4,2.39,28,212,90:DD:5D:16:52:A1,192.168.88.121,192.168.88.0,NETWORK N,18,MANET,CLASS 1
423,4,2.39,28,212,90:DD:5D:16:52:A1,192.168.88.178,192.168.88.0,NETWORK N,123,DTN,CLASS 1
424,4,2.39,28,212,90:DD:5D:16:52:A1,192.168.88.109,192.168.88.0,NETWORK N,13,MANET,CLASS 1
425,4,2.39,28,212,90:DD:5D:16:52:A1,192.168.88.104,192.168.88.0,NETWORK N,132,DTN,CLASS 1
426,4,2.39,28,212,90:DD:5D:16:52:A1,192.168.88.105,192.168.88.0,NETWORK N,59,MANET,CLASS 1
427,8,2.45,83,128,94:64:2d:95:ad:76,198.168.0.102,198.168.0.0,NETWORK O,111,DTN,CLASS 1
428,8,2.45,83,128,94:64:2d:95:ad:76,198.168.0.103,198.168.0.0,NETWORK O,107,DTN,CLASS 1
429,8,2.45,83,128,94:64:2d:95:ad:76,198.168.0.105,198.168.0.0,NETWORK O,29,MANET,CLASS 1
430,8,2.45,83,128,94:64:2d:95:ad:76,198.168.0.108,198.168.0.0,NETWORK O,130,DTN,CLASS 1
431,8,2.45,83,128,94:64:2d:95:ad:76,198.168.0.109,198.168.0.0,NETWORK O,121,DTN,CLASS 1
432,8,2.45,83,128,94:64:2d:95:ad:76,198.168.0.118,198.168.0.0,NETWORK O,55,MANET,CLASS 1
433,6,2.48,81,87.14,98:09:cf:7a:54:bd,25 .98.215.191,25.0.0.0,NETWORK P,112,DTN,CLASS 1
434,3,1.4,72,1.7,38:A4:ed:5d:f9:13,25 .98.215.192,25.0.0.0,NETWORK P,29,MANET,CLASS 2
435,3,1.4,72,1.7,38:A4:ed:5d:f9:13,25 .98.215.196,25.0.0.0,NETWORK P,112,DTN,CLASS 2
436,6,2.48,81,87.14,98:09:cf:7a:54:bd,25 .98.215.107,25.0.0.0,NETWORK P,23,MANET,CLASS 1
437,3,1.4,72,1.7,38:A4:ed:5d:f9:13,25 .98.215.167,25.0.0.0,NETWORK P,125,DTN,CLASS 2
438,4,2,71,64,18:f0:e4:b4:be:2b,25.1.69.101,25.0.0.0,NETWORK P,12,MANET,CLASS 1
439,4,2,71,64,18:f0:e4:b4:be:2b,25.1.69.102,25.0.0.0,NETWORK P,141,DTN,CLASS 1
440,4,2,71,64,18:f0:e4:b4:be:2b,25.1.69.103,25.0.0.0,NETWORK P,102,DTN,CLASS 1
441,4,2,71,64,18:f0:e4:b4:be:2b,25.1.69.117,25.0.0.0,NETWORK P,107,DTN,CLASS 1
442,4,2,71,64,18:f0:e4:b4:be:2b,25.1.69.109,25.0.0.0,NETWORK P,3,Bluetooth,CLASS 1
443,4,2,71,64,18:f0:e4:b4:be:2b,25.1.69.115,25.0.0.0,NETWORK P,98,MANET,CLASS 1
444,3,1.4,83,1.68,4c:49:e3:7c:74:db,25.122.125.11,25.0.0.0,NETWORK P,145,DTN,CLASS 2
445,3,1.4,83,1.68,4c:49:e3:7c:74:db,25.122.125.12,25.0.0.0,NETWORK P,101,DTN,CLASS 2
446,3,1.4,83,1.68,4c:49:e3:7c:74:db,25.122.125.13,25.0.0.0,NETWORK P,8,Bluetooth,CLASS 2
447,3,1.4,83,1.68,4c:49:e3:7c:74:db,25.122.125.14,25.0.0.0,NETWORK P,17,MANET,CLASS 2
448,3,1.4,83,1.68,4c:49:e3:7c:74:db,25.122.125.16,25.0.0.0,NETWORK P,68,MANET,CLASS 2
449,3,1.4,83,1.68,4c:49:e3:7c:74:db,25.122.125.17,25.0.0.0,NETWORK P,109,DTN,CLASS 2
450,8,0.79,82,256,95:09:cf:9e:2e:fe,25.123.154.2,25.0.0.0,NETWORK P,90,MANET,CLASS 1
451,8,0.79,82,256,95:09:cf:9e:2e:fe,25.123.154.6,25.0.0.0,NETWORK P,37,MANET,CLASS 1
452,8,0.79,82,256,95:09:cf:9e:2e:fe,25.123.154.8,25.0.0.0,NETWORK P,138,DTN,CLASS 1
453,8,0.79,82,256,95:09:cf:9e:2e:fe,25.123.154.3,25.0.0.0,NETWORK P,100,MANET,CLASS 1
454,8,0.79,82,256,95:09:cf:9e:2e:fe,25.123.154.7,25.0.0.0,NETWORK P,13,MANET,CLASS 1
455,8,0.79,82,256,95:09:cf:9e:2e:fe,25.123.154.4,25.0.0.0,NETWORK P,83,MANET,CLASS 1
456,4,2.2,52,12.6,70:5e:55:65:dc:55,25.133.238.198,25.0.0.0,NETWORK P,26,MANET,CLASS 2
457,4,2.2,52,12.6,70:5e:55:65:dc:55,25.133.238.193,25.0.0.0,NETWORK P,134,DTN,CLASS 2
458,4,2.2,52,12.6,70:5e:55:65:dc:55,25.133.238.191,25.0.0.0,NETWORK P,20,MANET,CLASS 2
459,4,2.2,52,12.6,70:5e:55:65:dc:55,25.133.238.192,25.0.0.0,NETWORK P,122,DTN,CLASS 2
460,4,2.2,52,12.6,70:5e:55:65:dc:55,25.133.238.190,25.0.0.0,NETWORK P,95,MANET,CLASS 2
461,4,2.2,52,12.6,70:5e:55:65:dc:55,25.133.238.194,25.0.0.0,NETWORK P,26,MANET,CLASS 2
462,6,2.36,17,64,38:37:8B:OE:16:07,25.149.252.227,25.0.0.0,NETWORK P,112,DTN,CLASS 3
463,6,2.36,17,64,38:37:8B:OE:16:07,25.149.252.254,25.0.0.0,NETWORK P,55,MANET,CLASS 3
464,6,2.36,17,64,38:37:8B:OE:16:07,25.149.252.289,25.0.0.0,NETWORK P,40,MANET,CLASS 3
465,6,2.36,17,64,38:37:8B:OE:16:07,25.149.252.217,25.0.0.0,NETWORK P,17,MANET,CLASS 3
466,6,2.36,17,64,38:37:8B:OE:16:07,25.149.252.234,25.0.0.0,NETWORK P,43,MANET,CLASS 3
467,6,2.36,17,64,38:37:8B:OE:16:07,25.149.252.296,25.0.0.0,NETWORK P,38,MANET,CLASS 3
468,2,1.8,30,9.39,50:C8:E5:BE:3C:7C,25.178.193.161,25.0.0.0,NETWORK P,38,MANET,CLASS 2
469,2,1.8,30,9.39,50:C8:E5:BE:3C:7C,25.178.193.162,25.0.0.0,NETWORK P,50,MANET,CLASS 2
470,2,1.8,30,9.39,50:C8:E5:BE:3C:7C,25.178.193.163,25.0.0.0,NETWORK P,135,DTN,CLASS 2
471,2,1.8,30,9.39,50:C8:E5:BE:3C:7C,25.178.193.165,25.0.0.0,NETWORK P,43,MANET,CLASS 2
472,2,1.8,30,9.39,50:C8:E5:BE:3C:7C,25.178.193.167,25.0.0.0,NETWORK P,27,MANET,CLASS 2
473,2,1.8,30,9.39,50:C8:E5:BE:3C:7C,25.178.193.168,25.0.0.0,NETWORK P,64,MANET,CLASS 2
474,4,1.8,56,37.9,70:5A:AC:67:99:A4,25.180.231.101,25.0.0.0,NETWORK P,56,MANET,CLASS 1
475,4,1.8,56,37.9,70:5A:AC:67:99:A4,25.180.231.102,25.0.0.0,NETWORK P,97,MANET,CLASS 1
476,4,1.8,56,37.9,70:5A:AC:67:99:A4,25.180.231.103,25.0.0.0,NETWORK P,1,Bluetooth,CLASS 1
477,4,1.8,56,37.9,70:5A:AC:67:99:A4,25.180.231.105,25.0.0.0,NETWORK P,95,MANET,CLASS 1
478,4,1.8,56,37.9,70:5A:AC:67:99:A4,25.180.231.108,25.0.0.0,NETWORK P,123,DTN,CLASS 1
479,4,1.8,56,37.9,70:5A:AC:67:99:A4,25.180.231.109,25.0.0.0,NETWORK P,68,MANET,CLASS 1
480,3,2.2,56,486,ec:01:ee:e8:ae:82,25.33.229.21,25.0.0.0,NETWORK P,108,DTN,CLASS 1
481,3,2.2,56,486,ec:01:ee:e8:ae:82,25.33.229.22,25.0.0.0,NETWORK P,42,MANET,CLASS 1
482,3,2.2,56,486,ec:01:ee:e8:ae:82,25.33.229.23,25.0.0.0,NETWORK P,39,MANET,CLASS 1
483,3,2.2,56,486,ec:01:ee:e8:ae:82,25.33.229.25,25.0.0.0,NETWORK P,103,DTN,CLASS 1
484,3,2.2,56,486,ec:01:ee:e8:ae:82,25.33.229.27,25.0.0.0,NETWORK P,81,MANET,CLASS 1
485,3,2.2,56,486,ec:01:ee:e8:ae:82,25.33.229.28,25.0.0.0,NETWORK P,77,MANET,CLASS 1
486,3,1.8,42,4.81,38:e6:0a:05:b7:79,25.37.152.22,25.0.0.0,NETWORK P,8,Bluetooth,CLASS 2
487,3,1.8,42,4.81,38:e6:0a:05:b7:79,25.37.152.23,25.0.0.0,NETWORK P,110,DTN,CLASS 2
488,3,1.8,42,4.81,38:e6:0a:05:b7:79,25.37.152.21,25.0.0.0,NETWORK P,134,DTN,CLASS 2
489,3,1.8,42,4.81,38:e6:0a:05:b7:79,25.37.152.29,25.0.0.0,NETWORK P,1,Bluetooth,CLASS 2
490,3,1.8,42,4.81,38:e6:0a:05:b7:79,25.37.152.26,25.0.0.0,NETWORK P,19,MANET,CLASS 2
491,3,1.8,42,4.81,38:e6:0a:05:b7:79,25.37.152.28,25.0.0.0,NETWORK P,123,DTN,CLASS 2
492,6,1.3,25,64,80:CE:F9:7c:CB:1B,25.40.130.87,25.0.0.0,NETWORK P,84,MANET,CLASS 1
493,6,1.3,25,64,80:CE:F9:7c:CB:1B,25.40.130.88,25.0.0.0,NETWORK P,15,MANET,CLASS 1
494,6,1.3,25,64,80:CE:F9:7c:CB:1B,25.40.130.71,25.0.0.0,NETWORK P,26,MANET,CLASS 1
495,6,1.3,25,64,80:CE:F9:7c:CB:1B,25.40.130.54,25.0.0.0,NETWORK P,75,MANET,CLASS 1
496,6,1.3,25,64,80:CE:F9:7c:CB:1B,25.40.130.86,25.0.0.0,NETWORK P,29,MANET,CLASS 1
497,6,1.3,25,64,80:CE:F9:7c:CB:1B,25.40.130.65,25.0.0.0,NETWORK P,34,MANET,CLASS 1
498,3,1.3,84,9.1,60:8E:08:02:FA:E9,25.45.123.243,25.0.0.0,NETWORK P,121,DTN,CLASS 2
499,3,1.3,84,9.1,60:8E:08:02:FA:E9,25.45.123.246,25.0.0.0,NETWORK P,129,DTN,CLASS 2
500,3,1.3,84,9.1,60:8E:08:02:FA:E9,25.45.123.247,25.0.0.0,NETWORK P,141,DTN,CLASS 2
501,3,1.3,84,9.1,60:8E:08:02:FA:E9,25.45.123.248,25.0.0.0,NETWORK P,0,Bluetooth,CLASS 2
502,3,1.3,84,9.1,60:8E:08:02:FA:E9,25.45.123.241,25.0.0.0,NETWORK P,5,Bluetooth,CLASS 2
503,3,1.3,84,9.1,60:8E:08:02:FA:E9,25.45.123.249,25.0.0.0,NETWORK P,107,DTN,CLASS 2
504,4,2.2,42,33.75,02:00:00:00:00:00,25.63.209.221,25.0.0.0,NETWORK P,40,MANET,CLASS 1
505,4,2.2,42,33.75,02:00:00:00:00:00,25.63.209.222,25.0.0.0,NETWORK P,13,MANET,CLASS 1
506,4,2.2,42,33.75,02:00:00:00:00:00,25.63.209.223,25.0.0.0,NETWORK P,80,MANET,CLASS 1
507,4,2.2,42,33.75,02:00:00:00:00:00,25.63.209.225,25.0.0.0,NETWORK P,52,MANET,CLASS 1
508,4,2.2,42,33.75,02:00:00:00:00:00,25.63.209.229,25.0.0.0,NETWORK P,106,DTN,CLASS 1
509,4,2.2,42,33.75,02:00:00:00:00:00,25.63.209.224,25.0.0.0,NETWORK P,65,MANET,CLASS 1
510,1,1.3,97,1.3,5C:99:60:15:3A:A6,25.73.215.121,25.0.0.0,NETWORK P,73,MANET,CLASS 2
511,1,1.3,97,1.3,5C:99:60:15:3A:A6,25.73.215.122,25.0.0.0,NETWORK P,99,MANET,CLASS 2
512,1,1.3,97,1.3,5C:99:60:15:3A:A6,25.73.215.124,25.0.0.0,NETWORK P,148,DTN,CLASS 2
513,1,1.3,97,1.3,5C:99:60:15:3A:A6,25.73.215.123,25.0.0.0,NETWORK P,40,MANET,CLASS 2
514,1,1.3,97,1.3,5C:99:60:15:3A:A6,25.73.215.128,25.0.0.0,NETWORK P,31,MANET,CLASS 2
515,1,1.3,97,1.3,5C:99:60:15:3A:A6,25.73.215.129,25.0.0.0,NETWORK P,8,Bluetooth,CLASS 2
516,16,1,88,8,BC:D1:1F:B5:F9:99,25.89.44.141,25.0.0.0,NETWORK P,69,MANET,CLASS 2
517,16,1,88,8,BC:D1:1F:B5:F9:99,25.89.44.142,25.0.0.0,NETWORK P,40,MANET,CLASS 2
518,16,1,88,8,BC:D1:1F:B5:F9:99,25.89.44.143,25.0.0.0,NETWORK P,108,DTN,CLASS 2
519,16,1,88,8,BC:D1:1F:B5:F9:99,25.89.44.149,25.0.0.0,NETWORK P,75,MANET,CLASS 2
520,16,1,88,8,BC:D1:1F:B5:F9:99,25.89.44.146,25.0.0.0,NETWORK P,134,DTN,CLASS 2
521,16,1,88,8,BC:D1:1F:B5:F9:99,25.89.44.147,25.0.0.0,NETWORK P,10,Bluetooth,CLASS 2
522,2,1.3,61,7.68,7C:91:22:8B:19:22,25.98.101.201,25.0.0.0,NETWORK P,39,MANET,CLASS 2
523,2,1.3,61,7.68,7C:91:22:8B:19:22,25.98.101.212,25.0.0.0,NETWORK P,117,DTN,CLASS 2
524,2,1.3,61,7.68,7C:91:22:8B:19:22,25.98.101.217,25.0.0.0,NETWORK P,143,DTN,CLASS 2
525,2,1.3,61,7.68,7C:91:22:8B:19:22,25.98.101.226,25.0.0.0,NETWORK P,148,DTN,CLASS 2
526,2,1.3,61,7.68,7C:91:22:8B:19:22,25.98.101.219,25.0.0.0,NETWORK P,115,DTN,CLASS 2
527,2,1.3,61,7.68,7C:91:22:8B:19:22,25.98.101.221,25.0.0.0,NETWORK P,13,MANET,CLASS 2
528,3,1.8,49,2.51,74:23:44:39:d4:b5,56.107.52.248,56.0.0.0,NETWORK Q,39,MANET,CLASS 2
529,3,1.8,49,2.51,74:23:44:39:d4:b5,56.107.52.241,56.0.0.0,NETWORK Q,116,DTN,CLASS 2
530,3,1.8,49,2.51,74:23:44:39:d4:b5,56.107.52.246,56.0.0.0,NETWORK Q,120,DTN,CLASS 2
531,3,1.8,49,2.51,74:23:44:39:d4:b5,56.107.52.248,56.0.0.0,NETWORK Q,2,Bluetooth,CLASS 2
532,3,1.8,49,2.51,74:23:44:39:d4:b5,56.107.52.240,56.0.0.0,NETWORK Q,19,MANET,CLASS 2
533,3,1.8,49,2.51,74:23:44:39:d4:b5,56.107.52.225,56.0.0.0,NETWORK Q,25,MANET,CLASS 2
534,6,2.45,80,10.9,94:65:2d:8b:fd:2d,56.129.213.151,56.0.0.0,NETWORK Q,85,MANET,CLASS 2
535,6,2.45,80,10.9,94:65:2d:8b:fd:2d,56.129.213.152,56.0.0.0,NETWORK Q,80,MANET,CLASS 2
536,6,2.45,80,10.9,94:65:2d:8b:fd:2d,56.129.213.153,56.0.0.0,NETWORK Q,70,MANET,CLASS 2
537,6,2.45,80,10.9,94:65:2d:8b:fd:2d,56.129.213.158,56.0.0.0,NETWORK Q,86,MANET,CLASS 2
538,6,2.45,80,10.9,94:65:2d:8b:fd:2d,56.129.213.159,56.0.0.0,NETWORK Q,50,MANET,CLASS 2
539,6,2.45,80,10.9,94:65:2d:8b:fd:2d,56.129.213.155,56.0.0.0,NETWORK Q,148,DTN,CLASS 2
540,2,1.8,49,7.18,BC:D1:1F:8B:05:4D,56.133.192.11,56.0.0.0,NETWORK Q,149,DTN,CLASS 2
541,2,1.8,49,7.18,BC:D1:1F:8B:05:4D,56.133.192.12,56.0.0.0,NETWORK Q,20,MANET,CLASS 2
542,2,1.8,49,7.18,BC:D1:1F:8B:05:4D,56.133.192.13,56.0.0.0,NETWORK Q,57,MANET,CLASS 2
543,2,1.8,49,7.18,BC:D1:1F:8B:05:4D,56.133.192.14,56.0.0.0,NETWORK Q,5,Bluetooth,CLASS 2
544,2,1.8,49,7.18,BC:D1:1F:8B:05:4D,56.133.192.15,56.0.0.0,NETWORK Q,97,MANET,CLASS 2
545,2,1.8,49,7.18,BC:D1:1F:8B:05:4D,56.133.192.19,56.0.0.0,NETWORK Q,108,DTN,CLASS 2
546,4,1.5,64,16,BC:D1:1F:37:18:C4,56.68.112.46,56.0.0.0,NETWORK Q,29,MANET,CLASS 2
547,4,1.5,64,16,BC:D1:1F:37:18:C4,56.68.112.47,56.0.0.0,NETWORK Q,127,DTN,CLASS 2
548,4,1.5,64,16,BC:D1:1F:37:18:C4,56.68.112.48,56.0.0.0,NETWORK Q,65,MANET,CLASS 2
549,4,1.5,64,16,BC:D1:1F:37:18:C4,56.68.112.49,56.0.0.0,NETWORK Q,0,Bluetooth,CLASS 2
550,4,1.5,64,16,BC:D1:1F:37:18:C4,56.68.112.25,56.0.0.0,NETWORK Q,49,MANET,CLASS 2
551,4,1.5,64,16,BC:D1:1F:37:18:C4,56.68.112.35,56.0.0.0,NETWORK Q,118,DTN,CLASS 2
552,4,1.4,41,39.38,FC:AA:B6:6A:61:22,56.69.11.10,56.0.0.0,NETWORK Q,123,DTN,CLASS 1
553,4,1.8,94,8.19,80:ad:16:ae:69:fa,56.69.11.15,56.0.0.0,NETWORK Q,25,MANET,CLASS 2
554,4,1.8,20,24.6,30:4b:07:68:fe:17,56.80.249.240,56.0.0.0,NETWORK Q,119,DTN,CLASS 3
555,4,1.8,20,24.6,30:4b:07:68:fe:17,56.80.249.241,56.0.0.0,NETWORK Q,126,DTN,CLASS 3
556,2,1.3,97,0.53,00:ec:0a:2b:4a:2b,56.80.249.244,56.0.0.0,NETWORK Q,74,MANET,CLASS 2
557,4,1.8,20,24.6,30:4b:07:68:fe:17,56.80.249.247,56.0.0.0,NETWORK Q,65,MANET,CLASS 3
558,4,1.8,20,24.6,30:4b:07:68:fe:17,56.80.249.242,56.0.0.0,NETWORK Q,15,MANET,CLASS 3
559,2,1.4,97,761.65,e0:62:67:1b:d9:79,56.83.174.212,56.0.0.0,NETWORK Q,107,DTN,CLASS 1
560,3,1.8,78,1,74:23:44:3c:4f:97,56.83.174.224,56.0.0.0,NETWORK Q,125,DTN,CLASS 2
561,2,1.4,97,761.65,e0:62:67:1b:d9:79,56.83.174.215,56.0.0.0,NETWORK Q,80,MANET,CLASS 1
562,3,2.1,33,5.53,70:5e:55:33:c6:85,56.97.168.91,56.0.0.0,NETWORK Q,64,MANET,CLASS 2
563,3,2.1,33,5.53,70:5e:55:33:c6:85,56.97.168.92,56.0.0.0,NETWORK Q,21,MANET,CLASS 2
564,3,2.1,33,5.53,70:5e:55:33:c6:85,56.97.168.93,56.0.0.0,NETWORK Q,57,MANET,CLASS 2
565,3,2.1,33,5.53,70:5e:55:33:c6:85,56.97.168.98,56.0.0.0,NETWORK Q,64,MANET,CLASS 2
566,3,2.1,33,5.53,70:5e:55:33:c6:85,56.97.168.99,56.0.0.0,NETWORK Q,9,Bluetooth,CLASS 2
567,3,2.1,33,5.53,70:5e:55:33:c6:85,56.97.168.96,56.0.0.0,NETWORK Q,134,DTN,CLASS 2
